arm,id,k,hostility,hand
strike_big_sham,6,10,0.0044684737723904,0
big_pain,2,10,4.974777459669201e-07,0
small_random,5,5,5.830831035724552e-05,0
none,6,6,2.0937953349254465e-08,0
strike_big_sham,2,11,1.5901269597439036e-07,0
small_random,4,9,0.9867772018895256,0
small_pain,2,0,1.8177991771158272e-06,0
none,5,11,1.0001202525941226,0
strike_big_sham,7,1,1.1555981275300077e-06,0
strike_big_sham,7,9,0.9999928750213776,1
small_pain,4,9,0.7987882004378196,0
big_pain,1,1,0.021618776561673,0
small_random,4,0,0.0004803293259829,0
strike_big_sham,1,1,2.283980619577021e-05,0
none,3,8,0.0001123589569359,0
strike_big_sham,7,8,3.640389501797252e-07,0
big_random,6,10,0.9995423462213046,0
big_random,7,2,0.002591003505012,1
small_anger,6,2,0.0566535443210097,0
big_pain,1,3,4.0081505870473574e-05,0
small_anger,5,3,1.170781686603424,1
none,5,3,2.374708904552033e-06,0
small_random,3,3,3.7261414310535194e-08,0
none,4,6,1.2325054592812405e-08,0
big_random,4,6,6.009980638926822e-07,0
strike_small_sham,4,7,2.000978022384032,2
strike_big_sham,1,11,5.021993550851213e-08,0
small_pain,6,6,0.000535842234128,0
none,5,7,0.0130205437186127,0
none,1,2,0.0006878754995086,0
big_pain,1,4,2.0145035807009815,1
strike_big_sham,7,4,0.0116872754210911,0
small_anger,4,8,1.0155496212707993,2
strike_big_sham,7,11,0.9999241606074962,1
strike_big_sham,7,2,1.0047057861870141e-08,0
strike_big_sham,7,10,9.522262896551704e-06,0
strike_small_real,1,1,1.3957021607416811e-06,0
strike_big_sham,0,0,0.0016231044752408,0
strike_small_real,1,8,5.9549537341568804e-08,0
strike_big_sham,0,1,1.8765265143124755e-06,0
